Url	Id	Gattung(en)
https://textgridrep.org/browse/-/browse/xknr_0	xknr.0	Schauspiel
https://textgridrep.org/browse/-/browse/s8c9_0	s8c9.0	Fastnachtsspiel
https://textgridrep.org/browse/-/browse/sssj_0	sssj.0	Spiel
https://textgridrep.org/browse/-/browse/p8vz_0	p8vz.0	Schimpfspiel
https://textgridrep.org/browse/-/browse/tndf_0	tndf.0	Spiel, Schauspiel
https://textgridrep.org/browse/-/browse/pksn_0	pksn.0	deutsches Trauerspiel
https://textgridrep.org/browse/-/browse/wf6k_0	wf6k.0	vaterländisches Trauerspiel
https://textgridrep.org/browse/-/browse/t9p6_0	t9p6.0	Oper
https://textgridrep.org/browse/-/browse/s4m0_0	s4m0.0	Trauerspiel
https://textgridrep.org/browse/-/browse/v341_0	v341.0	Trauerspiel
https://textgridrep.org/browse/-/browse/x8ks_0	x8ks.0	Singspiel
https://textgridrep.org/browse/-/browse/v401_0	v401.0	Oper
https://textgridrep.org/browse/-/browse/qdk1_0	qdk1.0	Trauerspiel
https://textgridrep.org/browse/-/browse/psxj_0	psxj.0	Tragödie
https://textgridrep.org/browse/-/browse/r0jz_0	r0jz.0	Lustspiel
https://textgridrep.org/browse/-/browse/t3sh_0	t3sh.0	Komödie
https://textgridrep.org/browse/-/browse/v3vp_0	v3vp.0	Drama, Einakter
https://textgridrep.org/browse/-/browse/v3t3_0	v3t3.0	Schauspiel, Einakter, Fragment
https://textgridrep.org/browse/-/browse/qkq1_0	qkq1.0	Trauerspiel
https://textgridrep.org/browse/-/browse/mvqs_0	mvqs.0	Schauspiel
https://textgridrep.org/browse/-/browse/vpv9_0	vpv9.0	Tragödie
https://textgridrep.org/browse/-/browse/vnft_0	vnft.0	Tragödie
https://textgridrep.org/browse/-/browse/qdmd_0	qdmd.0	lyrische Komödie
https://textgridrep.org/browse/-/browse/kq0w_0	kq0w.0	Duodrama
https://textgridrep.org/browse/-/browse/qd3h_0	qd3h.0	Oper
https://textgridrep.org/browse/-/browse/x90m_0	x90m.0	Trauerspiel
https://textgridrep.org/browse/-/browse/q3hr_0	q3hr.0	keine Angabe
https://textgridrep.org/browse/-/browse/nkww_0	nkww.0	Schäferspiel
https://textgridrep.org/browse/-/browse/x4gj_0	x4gj.0	Trauerspiel
https://textgridrep.org/browse/-/browse/s9j7_0	s9j7.0	Arabische Fantasia
https://textgridrep.org/browse/-/browse/x438_0	x438.0	Lustspiel
https://textgridrep.org/browse/-/browse/kpsp_0	kpsp.0	Drama
https://textgridrep.org/browse/-/browse/mvqp_0	mvqp.0	Traumspiel
https://textgridrep.org/browse/-/browse/krf8_0	krf8.0	Operette
https://textgridrep.org/browse/-/browse/kjgj_0	kjgj.0	Volksstück
https://textgridrep.org/browse/-/browse/qkm5_0	qkm5.0	dramatisches Gedicht
https://textgridrep.org/browse/-/browse/jkjf_0	jkjf.0	soziales Schauspiel
https://textgridrep.org/browse/-/browse/kd4z_0	kd4z.0	Lustspiel
https://textgridrep.org/browse/-/browse/v3mq_0	v3mq.0	Trauerspiel
https://textgridrep.org/browse/-/browse/p7m9_0	p7m9.0	Trauerspiel
https://textgridrep.org/browse/-/browse/p8rz_0	p8rz.0	Trauerspiel
https://textgridrep.org/browse/-/browse/p7dk_0	p7dk.0	Trauerspiel
https://textgridrep.org/browse/-/browse/n0xc_0	n0xc.0	Irnsthaftig Spill
https://textgridrep.org/browse/-/browse/11g5w_0	11g5w.0	Schauspiel
https://textgridrep.org/browse/-/browse/11f81_0	11f81.0	Trauerspiel, Sturm und Drang
https://textgridrep.org/browse/-/browse/s4hh_0	s4hh.0	Trauerspiel
https://textgridrep.org/browse/-/browse/q4j5_0	q4j5.0	Schauspiel
https://textgridrep.org/browse/-/browse/v3nb_0	v3nb.0	Komödie
https://textgridrep.org/browse/-/browse/v3nq_0	v3nq.0	Komödie
https://textgridrep.org/browse/-/browse/vn2f_0	vn2f.0	Tragödie
https://textgridrep.org/browse/-/browse/vn41_0	vn41.0	Komödie
https://textgridrep.org/browse/-/browse/rjzc_0	rjzc.0	Dramenfragment
https://textgridrep.org/browse/-/browse/rkzp_0	rkzp.0	Lustspiel
https://textgridrep.org/browse/-/browse/ksd1_0	ksd1.0	Drama
https://textgridrep.org/browse/-/browse/qn30_0	qn30.0	Drama
https://textgridrep.org/browse/-/browse/qdqn_0	qdqn.0	Drama, Märchen
https://textgridrep.org/browse/-/browse/qkmh_0	qkmh.0	Schauspiel
https://textgridrep.org/browse/-/browse/tff9_0	tff9.0	Dramatische Dichtung
https://textgridrep.org/browse/-/browse/tfsf_0	tfsf.0	Schauspiel
https://textgridrep.org/browse/-/browse/qkp7_0	qkp7.0	Tragödie
https://textgridrep.org/browse/-/browse/tv5t_0	tv5t.0	Komödie
https://textgridrep.org/browse/-/browse/strx_0	strx.0	Possenspiel, Posse
https://textgridrep.org/browse/-/browse/msdg_0	msdg.0	Puppenspiel
https://textgridrep.org/browse/-/browse/11g68_0	11g68.0	Schönbartspiel, Schwank, Sturm und Drang
https://textgridrep.org/browse/-/browse/r0gb_0	r0gb.0	Ritterschauspiel
https://textgridrep.org/browse/-/browse/ktt1_0	ktt1.0	Versdrama, Komödie, Comedia
https://textgridrep.org/browse/-/browse/swzz_0	swzz.0	Himmelstragödie
https://textgridrep.org/browse/-/browse/k7f7_0	k7f7.0	Schattenspiel
https://textgridrep.org/browse/-/browse/t976_0	t976.0	Zaubermärchen
https://textgridrep.org/browse/-/browse/str5_0	str5.0	Posse, Possenspiel
https://textgridrep.org/browse/-/browse/x4vf_0	x4vf.0	Lustspiel
https://textgridrep.org/browse/-/browse/tv5b_0	tv5b.0	dramatische Szene
https://textgridrep.org/browse/-/browse/jnhn_0	jnhn.0	Drama
https://textgridrep.org/browse/-/browse/kq6g_0	kq6g.0	Romantische Oper, Oper
https://textgridrep.org/browse/-/browse/tpxs_0	tpxs.0	Fastnachtsspiel
https://textgridrep.org/browse/-/browse/x8br_0	x8br.0	Fastnachtsspiel
https://textgridrep.org/browse/-/browse/wzph_0	wzph.0	Bühnenfestspiel
https://textgridrep.org/browse/-/browse/qdm5_0	qdm5.0	Moralitätenspiel
https://textgridrep.org/browse/-/browse/sttf_0	sttf.0	Lustspiel
https://textgridrep.org/browse/-/browse/mvqk_0	mvqk.0	Volksstück
https://textgridrep.org/browse/-/browse/sj6v_0	sj6v.0	Schwank
https://textgridrep.org/browse/-/browse/nm24_0	nm24.0	Lustspiel
https://textgridrep.org/browse/-/browse/p5c7_0	p5c7.0	Lustspiel
https://textgridrep.org/browse/-/browse/vn2c_0	vn2c.0	Komödie
https://textgridrep.org/browse/-/browse/tvgp_0	tvgp.0	Jupiter-Drama
https://textgridrep.org/browse/-/browse/sj6f_0	sj6f.0	Oper
https://textgridrep.org/browse/-/browse/np6j_0	np6j.0	Dramatisches Gedicht
https://textgridrep.org/browse/-/browse/tpqs_0	tpqs.0	Fastnachtsspiel
https://textgridrep.org/browse/-/browse/r135_0	r135.0	Trauerspiel, Sturm und Drang
https://textgridrep.org/browse/-/browse/jn5z_0	jn5z.0	Volksstück
https://textgridrep.org/browse/-/browse/v3vz_0	v3vz.0	Tragikomödie
https://textgridrep.org/browse/-/browse/sv5m_0	sv5m.0	Localposse, Possenspiel, Posse
https://textgridrep.org/browse/-/browse/kpsk_0	kpsk.0	Volksstück, Volkskomödie
https://textgridrep.org/browse/-/browse/pmfw_0	pmfw.0	Drama, Dramenfragment
https://textgridrep.org/browse/-/browse/qdks_0	qdks.0	Lyrisches Drama
https://textgridrep.org/browse/-/browse/t96s_0	t96s.0	Zauberspiel, Zauberstück
https://textgridrep.org/browse/-/browse/pkjc_0	pkjc.0	Komödie
https://textgridrep.org/browse/-/browse/m08h_0	m08h.0	Oper
https://textgridrep.org/browse/-/browse/t977_0	t977.0	Zauberposse
https://textgridrep.org/browse/-/browse/rfx8_0	rfx8.0	Dramatische Szene
https://textgridrep.org/browse/-/browse/vpvq_0	vpvq.0	dramatische Sendung
https://textgridrep.org/browse/-/browse/w40m_0	w40m.0	Tragödie
https://textgridrep.org/browse/-/browse/kpkv_0	kpkv.0	Lustspiel
https://textgridrep.org/browse/-/browse/11f9k_0	11f9k.0	Lustspiel, Weimarer Klassik
https://textgridrep.org/browse/-/browse/m086_0	m086.0	Tragikomödie
https://textgridrep.org/browse/-/browse/pm99_0	pm99.0	Komödie
https://textgridrep.org/browse/-/browse/t971_0	t971.0	Zauberspiel, Zauberstück
https://textgridrep.org/browse/-/browse/nkcq_0	nkcq.0	Komödie
https://textgridrep.org/browse/-/browse/x3zz_0	x3zz.0	Oper, komische Oper
https://textgridrep.org/browse/-/browse/nkdt_0	nkdt.0	Oper, komische Oper
https://textgridrep.org/browse/-/browse/nfhm_0	nfhm.0	Zauberspiel, Zauberstück
https://textgridrep.org/browse/-/browse/rhnx_0	rhnx.0	dramatische Phantasei, dramatische Phantasie
https://textgridrep.org/browse/-/browse/s6m6_0	s6m6.0	Trauerspiel
https://textgridrep.org/browse/-/browse/pvpz_0	pvpz.0	Komödie
https://textgridrep.org/browse/-/browse/mvr3_0	mvr3.0	Lustspiel
https://textgridrep.org/browse/-/browse/rjg0_0	rjg0.0	Lustspiel
https://textgridrep.org/browse/-/browse/kq6v_0	kq6v.0	Trauerspiel
https://textgridrep.org/browse/-/browse/qx5q_0	qx5q.0	Oper, romantische Oper
https://textgridrep.org/browse/-/browse/pgph_0	pgph.0	Lustspiel
https://textgridrep.org/browse/-/browse/n7sd_0	n7sd.0	Fastnachtsspiel
https://textgridrep.org/browse/-/browse/sf4d_0	sf4d.0	Komödie
https://textgridrep.org/browse/-/browse/11g5f_0	11g5f.0	Lustspiel, Weimarer Klassik
https://textgridrep.org/browse/-/browse/jn6k_0	jn6k.0	Bauernkomödie, Komödie
https://textgridrep.org/browse/-/browse/n23j_0	n23j.0	romantisches Drama
https://textgridrep.org/browse/-/browse/tvbm_0	tvbm.0	Gartenkomödie, Komödie
https://textgridrep.org/browse/-/browse/n3cn_0	n3cn.0	Volksschauspiel, Volksstück
https://textgridrep.org/browse/-/browse/rhzq_0	rhzq.0	Komödie, Sturm und Drang
https://textgridrep.org/browse/-/browse/r2mm_0	r2mm.0	drastisches Drama, philosophisches Lustspiel
https://textgridrep.org/browse/-/browse/t907_0	t907.0	Lustspiel
https://textgridrep.org/browse/-/browse/x39r_0	x39r.0	Tragikomödie
https://textgridrep.org/browse/-/browse/vn1w_0	vn1w.0	Komödie
https://textgridrep.org/browse/-/browse/tphz_0	tphz.0	Fastnachtsspiel
https://textgridrep.org/browse/-/browse/qxh9_0	qxh9.0	Spiel, Schauspiel
https://textgridrep.org/browse/-/browse/q5q1_0	q5q1.0	Lustspiel
https://textgridrep.org/browse/-/browse/x3d6_0	x3d6.0	Schauspiel
https://textgridrep.org/browse/-/browse/jn65_0	jn65.0	Volksstück
https://textgridrep.org/browse/-/browse/x8mr_0	x8mr.0	Dramatische Dichtung
https://textgridrep.org/browse/-/browse/rkq6_0	rkq6.0	Lustspiel
https://textgridrep.org/browse/-/browse/m0br_0	m0br.0	Lustspiel
https://textgridrep.org/browse/-/browse/ndmr_0	ndmr.0	Tragödie
https://textgridrep.org/browse/-/browse/n7s9_0	n7s9.0	Fastnachtsspiel
https://textgridrep.org/browse/-/browse/kjfg_0	kjfg.0	Trauerspiel
https://textgridrep.org/browse/-/browse/jn73_0	jn73.0	Volksstück
https://textgridrep.org/browse/-/browse/k93g_0	k93g.0	Lustspiel
https://textgridrep.org/browse/-/browse/v409_0	v409.0	Schwank
https://textgridrep.org/browse/-/browse/k8cn_0	k8cn.0	Lustspiel
https://textgridrep.org/browse/-/browse/tv63_0	tv63.0	politisches Drama
https://textgridrep.org/browse/-/browse/r22j_0	r22j.0	oberbayerisches Volksstück, Volksstück
https://textgridrep.org/browse/-/browse/qdjz_0	qdjz.0	Komödie
https://textgridrep.org/browse/-/browse/pm7m_0	pm7m.0	Märchenlustspiel, Lustspiel
https://textgridrep.org/browse/-/browse/rkzk_0	rkzk.0	Lustspiel
https://textgridrep.org/browse/-/browse/vrdc_0	vrdc.0	Gelegenheitsstück
https://textgridrep.org/browse/-/browse/tvdx_0	tvdx.0	Offizierstragödie, Tragödie
https://textgridrep.org/browse/-/browse/qd6w_0	qd6w.0	Lustspiel
https://textgridrep.org/browse/-/browse/vpvw_0	vpvw.0	Drama
https://textgridrep.org/browse/-/browse/pj2h_0	pj2h.0	Dramatisches Gedicht
https://textgridrep.org/browse/-/browse/qkn4_0	qkn4.0	Schauspiel
https://textgridrep.org/browse/-/browse/wf5v_0	wf5v.0	Schauspiel
https://textgridrep.org/browse/-/browse/vn0h_0	vn0h.0	Komödie
https://textgridrep.org/browse/-/browse/str1_0	str1.0	Posse, Possenspiel
https://textgridrep.org/browse/-/browse/r1zm_0	r1zm.0	Trauerspiel
https://textgridrep.org/browse/-/browse/qfsn_0	qfsn.0	Trauerspiel
https://textgridrep.org/browse/-/browse/qdhd_0	qdhd.0	Dramatisches Fragment
https://textgridrep.org/browse/-/browse/qd27_0	qd27.0	lyrisches Drama, Versdrama
https://textgridrep.org/browse/-/browse/nns8_0	nns8.0	Dramatisches Märchen
https://textgridrep.org/browse/-/browse/11h10_0	11h10.0	Dramatische Grille
https://textgridrep.org/browse/-/browse/v3n4_0	v3n4.0	Lustspiel
https://textgridrep.org/browse/-/browse/kssc_0	kssc.0	Oper
https://textgridrep.org/browse/-/browse/qdj2_0	qdj2.0	Trauerspiel
https://textgridrep.org/browse/-/browse/qd2n_0	qd2n.0	Trauerspiel
https://textgridrep.org/browse/-/browse/str4_0	str4.0	Posse, Possenspiel
https://textgridrep.org/browse/-/browse/qd46_0	qd46.0	Lustspiel
https://textgridrep.org/browse/-/browse/x9jv_0	x9jv.0	Romantische Oper, Oper
https://textgridrep.org/browse/-/browse/t96n_0	t96n.0	Original-Zaubermärchen, Zaubermärchen, Rührstück
https://textgridrep.org/browse/-/browse/vhgn_0	vhgn.0	bürgerliches Familiengemälde, bürgerliches Trauerspiel, Rührstück
https://textgridrep.org/browse/-/browse/s6kj_0	s6kj.0	Komische Oper, Oper
https://textgridrep.org/browse/-/browse/tvgr_0	tvgr.0	Schauspiel
https://textgridrep.org/browse/-/browse/x8cd_0	x8cd.0	Komische Oper, Oper
https://textgridrep.org/browse/-/browse/nkbv_0	nkbv.0	Komische Oper, Oper
https://textgridrep.org/browse/-/browse/vn4h_0	vn4h.0	Komödie
https://textgridrep.org/browse/-/browse/r2m9_0	r2m9.0	Komische Oper, Oper
https://textgridrep.org/browse/-/browse/nm27_0	nm27.0	Nachspiel
https://textgridrep.org/browse/-/browse/stqx_0	stqx.0	Posse, Possenspiel
https://textgridrep.org/browse/-/browse/v3q4_0	v3q4.0	Operette
https://textgridrep.org/browse/-/browse/s8bv_0	s8bv.0	Lustspiel
https://textgridrep.org/browse/-/browse/tvc5_0	tvc5.0	Schauspiel
https://textgridrep.org/browse/-/browse/r11m_0	r11m.0	Lustspiel
https://textgridrep.org/browse/-/browse/strq_0	strq.0	Zauberposse
https://textgridrep.org/browse/-/browse/n7rr_0	n7rr.0	Schauspiel
https://textgridrep.org/browse/-/browse/t9qb_0	t9qb.0	Lustspiel, Trauerspiel
https://textgridrep.org/browse/-/browse/sf49_0	sf49.0	Komödie
https://textgridrep.org/browse/-/browse/v3sh_0	v3sh.0	Schauspiel
https://textgridrep.org/browse/-/browse/vnkg_0	vnkg.0	Lyrisches Drama
https://textgridrep.org/browse/-/browse/tvgg_0	tvgg.0	Kosmisches Drama, Drama
https://textgridrep.org/browse/-/browse/tpx6_0	tpx6.0	Fastnachtsspiel
https://textgridrep.org/browse/-/browse/wzq0_0	wzq0.0	Musikdrama, Romantische Oper
https://textgridrep.org/browse/-/browse/jkhx_0	jkhx.0	Tragödie
https://textgridrep.org/browse/-/browse/pkng_0	pkng.0	Vorspiel
https://textgridrep.org/browse/-/browse/v3mx_0	v3mx.0	Lustspiel
https://textgridrep.org/browse/-/browse/wdvq_0	wdvq.0	Kindermärchen
https://textgridrep.org/browse/-/browse/v3rv_0	v3rv.0	Groteske
https://textgridrep.org/browse/-/browse/kpsz_0	kpsz.0	Singspiel
https://textgridrep.org/browse/-/browse/tp8b_0	tp8b.0	Tragödie
https://textgridrep.org/browse/-/browse/rjwv_0	rjwv.0	Lustspiel
https://textgridrep.org/browse/-/browse/sssn_0	sssn.0	Schauspiel
https://textgridrep.org/browse/-/browse/mr3k_0	mr3k.0	Trauerspiel
https://textgridrep.org/browse/-/browse/sc8m_0	sc8m.0	Märchen
https://textgridrep.org/browse/-/browse/v183_0	v183.0	Plaisenterie
https://textgridrep.org/browse/-/browse/rj22_0	rj22.0	Komödie, Sturm und Drang
https://textgridrep.org/browse/-/browse/x48t_0	x48t.0	Schauspiel
https://textgridrep.org/browse/-/browse/t337_0	t337.0	Lustspiel
https://textgridrep.org/browse/-/browse/tpp9_0	tpp9.0	Fastnachtsspiel
https://textgridrep.org/browse/-/browse/nks0_0	nks0.0	Trauerspiel
https://textgridrep.org/browse/-/browse/sf41_0	sf41.0	Trauerspiel
https://textgridrep.org/browse/-/browse/x8bm_0	x8bm.0	Geistliches Spiel, Liturgisches Spiel
https://textgridrep.org/browse/-/browse/x5bv_0	x5bv.0	Tragödie
https://textgridrep.org/browse/-/browse/kcj3_0	kcj3.0	Dramatisches Gedicht
https://textgridrep.org/browse/-/browse/tv5k_0	tv5k.0	Bühnenspass
https://textgridrep.org/browse/-/browse/ktsx_0	ktsx.0	Schauspiel
https://textgridrep.org/browse/-/browse/r0sb_0	r0sb.0	Lustspiel
https://textgridrep.org/browse/-/browse/11g5g_0	11g5g.0	Festspiel
https://textgridrep.org/browse/-/browse/npsg_0	npsg.0	Trauerspiel
https://textgridrep.org/browse/-/browse/nsv5_0	nsv5.0	Trauerspiel
https://textgridrep.org/browse/-/browse/11d42_0	11d42.0	politisches Drama, Weimarer Klassik
https://textgridrep.org/browse/-/browse/n79j_0	n79j.0	Lustspiel
https://textgridrep.org/browse/-/browse/qknj_0	qknj.0	Schauspiel
https://textgridrep.org/browse/-/browse/v0d8_0	v0d8.0	Trauerspiel, Weimarer Klassik
https://textgridrep.org/browse/-/browse/x3bf_0	x3bf.0	Tragödie
https://textgridrep.org/browse/-/browse/kd4c_0	kd4c.0	lokale Posse, Posse, Possenspiel
https://textgridrep.org/browse/-/browse/r2r7_0	r2r7.0	Lustspiel
https://textgridrep.org/browse/-/browse/w40n_0	w40n.0	Schauspiel
https://textgridrep.org/browse/-/browse/vrdk_0	vrdk.0	Singspiel
https://textgridrep.org/browse/-/browse/w3xp_0	w3xp.0	Possenspiel
https://textgridrep.org/browse/-/browse/tn4k_0	tn4k.0	Komödien
https://textgridrep.org/browse/-/browse/r0px_0	r0px.0	Trauerspiel
https://textgridrep.org/browse/-/browse/v18m_0	v18m.0	Drama
https://textgridrep.org/browse/-/browse/qggj_0	qggj.0	Drama
https://textgridrep.org/browse/-/browse/n7s1_0	n7s1.0	Operette
https://textgridrep.org/browse/-/browse/pgp7_0	pgp7.0	Operette
https://textgridrep.org/browse/-/browse/qdmw_0	qdmw.0	Drama
https://textgridrep.org/browse/-/browse/qdcq_0	qdcq.0	Oper
https://textgridrep.org/browse/-/browse/msqv_0	msqv.0	Lustspiel
https://textgridrep.org/browse/-/browse/rhjs_0	rhjs.0	Komödie
https://textgridrep.org/browse/-/browse/kw97_0	kw97.0	Schauspiel
https://textgridrep.org/browse/-/browse/mv71_0	mv71.0	Singspiel
https://textgridrep.org/browse/-/browse/nkdq_0	nkdq.0	Singspiel
https://textgridrep.org/browse/-/browse/r2rb_0	r2rb.0	Lustspiel
https://textgridrep.org/browse/-/browse/th0n_0	th0n.0	Drama
https://textgridrep.org/browse/-/browse/krdh_0	krdh.0	historisch-romantisches Drama, Drama
https://textgridrep.org/browse/-/browse/mgfp_0	mgfp.0	Lustspiel
https://textgridrep.org/browse/-/browse/w3w0_0	w3w0.0	Drama
https://textgridrep.org/browse/-/browse/x8np_0	x8np.0	Schauspiel
https://textgridrep.org/browse/-/browse/nmgc_0	nmgc.0	Geschichtsdrama, historisches Drama
https://textgridrep.org/browse/-/browse/r0hz_0	r0hz.0	Drama
https://textgridrep.org/browse/-/browse/kjg2_0	kjg2.0	Lustspiel
https://textgridrep.org/browse/-/browse/r2mn_0	r2mn.0	Lustspiel
https://textgridrep.org/browse/-/browse/qkmq_0	qkmq.0	Sittengemälde
https://textgridrep.org/browse/-/browse/x4q9_0	x4q9.0	komische Oper, Oper
https://textgridrep.org/browse/-/browse/n2k7_0	n2k7.0	Lustspiel
https://textgridrep.org/browse/-/browse/kjgc_0	kjgc.0	Drama
https://textgridrep.org/browse/-/browse/rktc_0	rktc.0	Lustspiel
https://textgridrep.org/browse/-/browse/ns3r_0	ns3r.0	historisches Trauerspiel, Trauerspiel
https://textgridrep.org/browse/-/browse/tz9d_0	tz9d.0	romantische Tragödie, Tragödie, Weimarer Klassik
https://textgridrep.org/browse/-/browse/qfxj_0	qfxj.0	Liederposse
https://textgridrep.org/browse/-/browse/rfd2_0	rfd2.0	Drama
https://textgridrep.org/browse/-/browse/x8nq_0	x8nq.0	Trauerspiel
https://textgridrep.org/browse/-/browse/pvxf_0	pvxf.0	Tragödie
https://textgridrep.org/browse/-/browse/wznj_0	wznj.0	Trauerspiel, bürgerliches Trauerspiel, Sturm und Drang, Rührstück
https://textgridrep.org/browse/-/browse/sj68_0	sj68.0	Oper
https://textgridrep.org/browse/-/browse/vn90_0	vn90.0	Komödie
https://textgridrep.org/browse/-/browse/jn6f_0	jn6f.0	Bauernkomödie
https://textgridrep.org/browse/-/browse/11fzp_0	11fzp.0	Schäferspiel
https://textgridrep.org/browse/-/browse/vrds_0	vrds.0	Oper
https://textgridrep.org/browse/-/browse/wbvk_0	wbvk.0	Komödie
https://textgridrep.org/browse/-/browse/kjfz_0	kjfz.0	Lustspiel
https://textgridrep.org/browse/-/browse/s6m2_0	s6m2.0	Trauerspiel
https://textgridrep.org/browse/-/browse/wc9p_0	wc9p.0	Komödie
https://textgridrep.org/browse/-/browse/wzp9_0	wzp9.0	Satyrspiel, Oper
https://textgridrep.org/browse/-/browse/11hb1_0	11hb1.0	Lustspiel
https://textgridrep.org/browse/-/browse/12675_0	12675.0	Tragikomödie
https://textgridrep.org/browse/-/browse/qn2w_0	qn2w.0	Tragödie
https://textgridrep.org/browse/-/browse/jkj1_0	jkj1.0	Tragödie
https://textgridrep.org/browse/-/browse/rfxg_0	rfxg.0	Dramatische Szene
https://textgridrep.org/browse/-/browse/rfn5_0	rfn5.0	Komödie
https://textgridrep.org/browse/-/browse/tz6r_0	tz6r.0	Dramatisches Gedicht, Weimarer Klassik
https://textgridrep.org/browse/-/browse/nm2b_0	nm2b.0	Komödie
https://textgridrep.org/browse/-/browse/tvfs_0	tvfs.0	soziales Drama
https://textgridrep.org/browse/-/browse/x8nh_0	x8nh.0	Schauspiel
https://textgridrep.org/browse/-/browse/v0fv_0	v0fv.0	Schauspiel, Sturm und Drang
https://textgridrep.org/browse/-/browse/wznr_0	wznr.0	Tragödie
https://textgridrep.org/browse/-/browse/st5r_0	st5r.0	Lustspiel
https://textgridrep.org/browse/-/browse/ssrf_0	ssrf.0	Trauerspiel
https://textgridrep.org/browse/-/browse/qn26_0	qn26.0	Original-Charakterbild
https://textgridrep.org/browse/-/browse/x4vx_0	x4vx.0	Schauspiel
https://textgridrep.org/browse/-/browse/rhtz_0	rhtz.0	Schauspiel, bürgerliches Trauerspiel, Sturm und Drang, Rührstück
https://textgridrep.org/browse/-/browse/pzj2_0	pzj2.0	Volksmärchen
https://textgridrep.org/browse/-/browse/s8bj_0	s8bj.0	Dramatische Dichtung
https://textgridrep.org/browse/-/browse/sj74_0	sj74.0	Nachspiel
https://textgridrep.org/browse/-/browse/tv6f_0	tv6f.0	Tragikomödie
https://textgridrep.org/browse/-/browse/stsd_0	stsd.0	Widmungsgedicht
https://textgridrep.org/browse/-/browse/tzgk_0	tzgk.0	republikanisches Trauerspiel, Trauerspiel, Sturm und Drang
https://textgridrep.org/browse/-/browse/k1f7_0	k1f7.0	Komödie
https://textgridrep.org/browse/-/browse/mk3n_0	mk3n.0	politische Komödie, Komödie
https://textgridrep.org/browse/-/browse/wzp6_0	wzp6.0	Musikdrama, Oper, Bühnenfestspiel
https://textgridrep.org/browse/-/browse/kmdk_0	kmdk.0	Dramatisches Volksmärchen, Volksmärchen
https://textgridrep.org/browse/-/browse/tv65_0	tv65.0	Dramolett
https://textgridrep.org/browse/-/browse/k1fb_0	k1fb.0	Komödie
https://textgridrep.org/browse/-/browse/tvcm_0	tvcm.0	schildbürgerliches Schauspiel, Schauspiel
https://textgridrep.org/browse/-/browse/twnw_0	twnw.0	Oper
https://textgridrep.org/browse/-/browse/x3cv_0	x3cv.0	Theodizee
https://textgridrep.org/browse/-/browse/r12v_0	r12v.0	Trauerspiel, Sturm und Drang
https://textgridrep.org/browse/-/browse/tpd7_0	tpd7.0	Fastnachtspiel
https://textgridrep.org/browse/-/browse/rjdc_0	rjdc.0	Lustspiel
https://textgridrep.org/browse/-/browse/pkhm_0	pkhm.0	Märchen
https://textgridrep.org/browse/-/browse/r2mv_0	r2mv.0	Lustspiel
https://textgridrep.org/browse/-/browse/vn79_0	vn79.0	Komödie
https://textgridrep.org/browse/-/browse/vn60_0	vn60.0	Komödie
https://textgridrep.org/browse/-/browse/r2m4_0	r2m4.0	Lustspiel
https://textgridrep.org/browse/-/browse/tpq4_0	tpq4.0	Komödie
https://textgridrep.org/browse/-/browse/t97f_0	t97f.0	Original-Zauberspiel, Zauberspiel, Zauberstück
https://textgridrep.org/browse/-/browse/tgw9_0	tgw9.0	Drama
https://textgridrep.org/browse/-/browse/nfdb_0	nfdb.0	Drama
https://textgridrep.org/browse/-/browse/tvc9_0	tvc9.0	Schauspiel
https://textgridrep.org/browse/-/browse/sj6g_0	sj6g.0	Oper
https://textgridrep.org/browse/-/browse/vn3b_0	vn3b.0	Komödie
https://textgridrep.org/browse/-/browse/11g3h_0	11g3h.0	Trauerspiel
https://textgridrep.org/browse/-/browse/r134_0	r134.0	Schauspiel, Sturm und Drang
https://textgridrep.org/browse/-/browse/t8tr_0	t8tr.0	Komödie
https://textgridrep.org/browse/-/browse/pk02_0	pk02.0	Komödie
https://textgridrep.org/browse/-/browse/v3mw_0	v3mw.0	Lustspiel
https://textgridrep.org/browse/-/browse/t96w_0	t96w.0	Tragisch-komisches Original-Zauberspiel, Zauberspiel, Zauberstück, Tragikomödie
https://textgridrep.org/browse/-/browse/t2z2_0	t2z2.0	Lustspiel
https://textgridrep.org/browse/-/browse/wdq6_0	wdq6.0	historisches Schauspiel
https://textgridrep.org/browse/-/browse/stst_0	stst.0	Vorspiel
https://textgridrep.org/browse/-/browse/tc1r_0	tc1r.0	Dramatisches Gedicht
https://textgridrep.org/browse/-/browse/n750_0	n750.0	Lustspiel
https://textgridrep.org/browse/-/browse/n7sh_0	n7sh.0	Fastnachtsspiel
https://textgridrep.org/browse/-/browse/x90s_0	x90s.0	Tragödie
https://textgridrep.org/browse/-/browse/vnmx_0	vnmx.0	Puppenspiel
https://textgridrep.org/browse/-/browse/ktrh_0	ktrh.0	Libretto
https://textgridrep.org/browse/-/browse/vnn3_0	vnn3.0	Volks-Schauspiel, Schauspiel
https://textgridrep.org/browse/-/browse/kd4g_0	kd4g.0	Zauberspiel, Zauberstück
https://textgridrep.org/browse/-/browse/s8fh_0	s8fh.0	Tragödie
https://textgridrep.org/browse/-/browse/vrdj_0	vrdj.0	Komische Oper, Oper
https://textgridrep.org/browse/-/browse/tx4z_0	tx4z.0	dramatisches Gedicht, Sturm und Drang, Weimarer Klassik
https://textgridrep.org/browse/-/browse/q41n_0	q41n.0	Trauerspiel
https://textgridrep.org/browse/-/browse/nmg0_0	nmg0.0	Tragödie
https://textgridrep.org/browse/-/browse/kv4f_0	kv4f.0	Schauspiel
https://textgridrep.org/browse/-/browse/11g9w_0	11g9w.0	Trauerspiel, Sturm und Drang, Weimarer Klassik
https://textgridrep.org/browse/-/browse/mv7f_0	mv7f.0	bürgerliches Trauerspiel, Trauerspiel, Rührstück
https://textgridrep.org/browse/-/browse/ns9c_0	ns9c.0	Trauerspiel
https://textgridrep.org/browse/-/browse/stt4_0	stt4.0	deutsches Vorspiel, Vorspiel
https://textgridrep.org/browse/-/browse/kmq3_0	kmq3.0	Tragödie
https://textgridrep.org/browse/-/browse/vn11_0	vn11.0	Kommödie
https://textgridrep.org/browse/-/browse/qfxf_0	qfxf.0	bürgerliches Drama, bürgerliches Trauerspiel, Rührstück
https://textgridrep.org/browse/-/browse/jnhh_0	jnhh.0	Hanswurstspiel, Posse, Possenspiel
https://textgridrep.org/browse/-/browse/nvk1_0	nvk1.0	Trauerspiel
https://textgridrep.org/browse/-/browse/str8_0	str8.0	Posse, Possenspiel
https://textgridrep.org/browse/-/browse/qd2g_0	qd2g.0	Tragödie
https://textgridrep.org/browse/-/browse/rksp_0	rksp.0	Trauerspiel, bürgerliches Trauerspiel, Rührstück
https://textgridrep.org/browse/-/browse/vn3t_0	vn3t.0	Komödie
https://textgridrep.org/browse/-/browse/pkj2_0	pkj2.0	Schauspiel
https://textgridrep.org/browse/-/browse/s4hw_0	s4hw.0	Trauerspiel
https://textgridrep.org/browse/-/browse/x3f6_0	x3f6.0	Tragödie
https://textgridrep.org/browse/-/browse/wpvj_0	wpvj.0	Trauerspiel
https://textgridrep.org/browse/-/browse/wcbf_0	wcbf.0	Bauernschwank, Schwank
https://textgridrep.org/browse/-/browse/w3x0_0	w3x0.0	Drama, Einakter
https://textgridrep.org/browse/-/browse/11gtp_0	11gtp.0	Schauspiel
https://textgridrep.org/browse/-/browse/tvdq_0	tvdq.0	Kapitalisten-Tragödie, Tragödie
https://textgridrep.org/browse/-/browse/qkps_0	qkps.0	Epilog
https://textgridrep.org/browse/-/browse/strd_0	strd.0	Posse, Possenspiel
https://textgridrep.org/browse/-/browse/kw8v_0	kw8v.0	Romantische Oper, Oper
https://textgridrep.org/browse/-/browse/ndtw_0	ndtw.0	Schäferspiel
https://textgridrep.org/browse/-/browse/kmf9_0	kmf9.0	Tragödie
https://textgridrep.org/browse/-/browse/pkhh_0	pkhh.0	Tragikomödie
https://textgridrep.org/browse/-/browse/x9rp_0	x9rp.0	Dramatisches Gedicht
https://textgridrep.org/browse/-/browse/kjgv_0	kjgv.0	romantische Oper, Oper
https://textgridrep.org/browse/-/browse/kq6k_0	kq6k.0	Tragödie
https://textgridrep.org/browse/-/browse/k936_0	k936.0	Spiel, Schauspiel
https://textgridrep.org/browse/-/browse/11g9q_0	11g9q.0	Tragödie
https://textgridrep.org/browse/-/browse/11d11_0	11d11.0	Tragödie
https://textgridrep.org/browse/-/browse/r121_0	r121.0	Trauerspiel
https://textgridrep.org/browse/-/browse/wzgs_0	wzgs.0	Trauerspiel
https://textgridrep.org/browse/-/browse/np3s_0	np3s.0	Dramenfragment
https://textgridrep.org/browse/-/browse/wz0s_0	wz0s.0	Tragödie
https://textgridrep.org/browse/-/browse/11f7n_0	11f7n.0	Tragödie, Sturm und Drang
https://textgridrep.org/browse/-/browse/trwt_0	trwt.0	Tragödie
https://textgridrep.org/browse/-/browse/spgf_0	spgf.0	Dramenfragment
https://textgridrep.org/browse/-/browse/krfj_0	krfj.0	Oper
https://textgridrep.org/browse/-/browse/vpv1_0	vpv1.0	Oper
https://textgridrep.org/browse/-/browse/wfsd_0	wfsd.0	Oper
https://textgridrep.org/browse/-/browse/rdg3_0	rdg3.0	Heroisch-romantische Oper, romantische Oper, Oper
https://textgridrep.org/browse/-/browse/qkmw_0	qkmw.0	Lustspiel
https://textgridrep.org/browse/-/browse/kd58_0	kd58.0	Komödie
https://textgridrep.org/browse/-/browse/rfc7_0	rfc7.0	historische Tragödie
https://textgridrep.org/browse/-/browse/x37q_0	x37q.0	modernes Mysterium, Mysterium
https://textgridrep.org/browse/-/browse/pkhc_0	pkhc.0	Tragischer Akt, Tragödie
https://textgridrep.org/browse/-/browse/n2m1_0	n2m1.0	Komödie, Schauspiel
https://textgridrep.org/browse/-/browse/stqr_0	stqr.0	Posse, Possenspiel
https://textgridrep.org/browse/-/browse/x3bs_0	x3bs.0	Schwank
https://textgridrep.org/browse/-/browse/x34j_0	x34j.0	Kindertragödie, Tragödie
https://textgridrep.org/browse/-/browse/pkh4_0	pkh4.0	Spiel, Schauspiel
https://textgridrep.org/browse/-/browse/qzz7_0	qzz7.0	Oratorium Festspiel, Festspiel
https://textgridrep.org/browse/-/browse/tv6t_0	tv6t.0	Pantomime
https://textgridrep.org/browse/-/browse/vkgr_0	vkgr.0	Oper
https://textgridrep.org/browse/-/browse/pmtc_0	pmtc.0	Tragödie
https://textgridrep.org/browse/-/browse/t9ps_0	t9ps.0	Oper
https://textgridrep.org/browse/-/browse/w3vd_0	w3vd.0	Geschehen
https://textgridrep.org/browse/-/browse/w3z2_0	w3z2.0	Kammerspiel
https://textgridrep.org/browse/-/browse/11h60_0	11h60.0	Farce
https://textgridrep.org/browse/-/browse/wzp1_0	wzp1.0	Opernzyklus
https://textgridrep.org/browse/-/browse/11g1d_0	11g1d.0	Schauspiel, Sturm und Drang
https://textgridrep.org/browse/-/browse/spd6_0	spd6.0	Schauspiel
https://textgridrep.org/browse/-/browse/rfct_0	rfct.0	Charakterlustspiel, Lustspiel
https://textgridrep.org/browse/-/browse/x8mw_0	x8mw.0	Trauerspiel
https://textgridrep.org/browse/-/browse/t9qh_0	t9qh.0	Lustspiel
https://textgridrep.org/browse/-/browse/n2kq_0	n2kq.0	Schauspiel
https://textgridrep.org/browse/-/browse/kd4v_0	kd4v.0	Lustspiel
https://textgridrep.org/browse/-/browse/pmj9_0	pmj9.0	Tragödie
https://textgridrep.org/browse/-/browse/x82c_0	x82c.0	Märchenspiel
https://textgridrep.org/browse/-/browse/rfm5_0	rfm5.0	Komödie
https://textgridrep.org/browse/-/browse/k77x_0	k77x.0	Studentenspiel
https://textgridrep.org/browse/-/browse/vncw_0	vncw.0	Tragödie
https://textgridrep.org/browse/-/browse/pk6x_0	pk6x.0	Komödie
https://textgridrep.org/browse/-/browse/nmfv_0	nmfv.0	Tragödie
https://textgridrep.org/browse/-/browse/mgfk_0	mgfk.0	Romantische Oper, Oper
https://textgridrep.org/browse/-/browse/pkjk_0	pkjk.0	Komödie
https://textgridrep.org/browse/-/browse/v186_0	v186.0	historisches Schauspiel, Schauspiel
https://textgridrep.org/browse/-/browse/rfbt_0	rfbt.0	Volksstück
https://textgridrep.org/browse/-/browse/w407_0	w407.0	Schauspiel
https://textgridrep.org/browse/-/browse/jn6r_0	jn6r.0	Wiener Weihnachtskomödie, Komödie
https://textgridrep.org/browse/-/browse/r1hd_0	r1hd.0	Bardiet, vaterländisches Gedicht
https://textgridrep.org/browse/-/browse/pmgg_0	pmgg.0	Tragödie
https://textgridrep.org/browse/-/browse/tvg7_0	tvg7.0	Tragödie
https://textgridrep.org/browse/-/browse/nmg5_0	nmg5.0	Tragödie
https://textgridrep.org/browse/-/browse/x390_0	x390.0	Schauspiel
https://textgridrep.org/browse/-/browse/p87j_0	p87j.0	Scherzspiel
https://textgridrep.org/browse/-/browse/v3rz_0	v3rz.0	Einakter
https://textgridrep.org/browse/-/browse/v3qp_0	v3qp.0	Puppenspiel
https://textgridrep.org/browse/-/browse/v3t6_0	v3t6.0	Burleske, Komödie
https://textgridrep.org/browse/-/browse/s4jp_0	s4jp.0	Trauerspiel
https://textgridrep.org/browse/-/browse/s4nb_0	s4nb.0	Schauspiel
https://textgridrep.org/browse/-/browse/qh44_0	qh44.0	Tragödie
https://textgridrep.org/browse/-/browse/jkjb_0	jkjb.0	Drama
https://textgridrep.org/browse/-/browse/pkj1_0	pkj1.0	Dichtung
https://textgridrep.org/browse/-/browse/qmt7_0	qmt7.0	Lustspiel
https://textgridrep.org/browse/-/browse/knb2_0	knb2.0	Lustspiel
https://textgridrep.org/browse/-/browse/x90t_0	x90t.0	gerichtliches Vorspiel, Vorspiel
https://textgridrep.org/browse/-/browse/kmdh_0	kmdh.0	Original-Schauspiel, Schauspiel
https://textgridrep.org/browse/-/browse/kd4r_0	kd4r.0	Lustspiel
https://textgridrep.org/browse/-/browse/kq0s_0	kq0s.0	Melodrama
https://textgridrep.org/browse/-/browse/11f78_0	11f78.0	Schauspiel, Weimarer Klassik
https://textgridrep.org/browse/-/browse/mvrv_0	mvrv.0	Tragödie
https://textgridrep.org/browse/-/browse/tftj_0	tftj.0	Tragikomödie
https://textgridrep.org/browse/-/browse/ksbx_0	ksbx.0	Schulspiel, Spiel, Schauspiel
https://textgridrep.org/browse/-/browse/qdnz_0	qdnz.0	Tragödie
https://textgridrep.org/browse/-/browse/k59h_0	k59h.0	Studentenspiel
https://textgridrep.org/browse/-/browse/n3dj_0	n3dj.0	Oper
https://textgridrep.org/browse/-/browse/x4vq_0	x4vq.0	Schauspiel
https://textgridrep.org/browse/-/browse/x400_0	x400.0	Allegorisches Drama, Drama
https://textgridrep.org/browse/-/browse/kmdp_0	kmdp.0	Original-Schauspiel
https://textgridrep.org/browse/-/browse/v1sm_0	v1sm.0	Schauspiel
https://textgridrep.org/browse/-/browse/sjhr_0	sjhr.0	Arbeiterdrama, Drama
https://textgridrep.org/browse/-/browse/svt2_0	svt2.0	Schauspiel
https://textgridrep.org/browse/-/browse/pn2n_0	pn2n.0	Tragödie
https://textgridrep.org/browse/-/browse/kmff_0	kmff.0	Tragödie
https://textgridrep.org/browse/-/browse/strh_0	strh.0	Travestie
https://textgridrep.org/browse/-/browse/w3zd_0	w3zd.0	Trauerspiel
https://textgridrep.org/browse/-/browse/vmvc_0	vmvc.0	Tragödie
https://textgridrep.org/browse/-/browse/rfxf_0	rfxf.0	Trauerspiel, Aufklärung, Empfindsamkeit, Sturm und Drang
https://textgridrep.org/browse/-/browse/s8br_0	s8br.0	Lokalposse, Posse, Possenspiel
https://textgridrep.org/browse/-/browse/tz39_0	tz39.0	bürgerliches Trauerspiel, Sturm und Drang, Rührstück
https://textgridrep.org/browse/-/browse/nmfs_0	nmfs.0	Tragödie
https://textgridrep.org/browse/-/browse/nmf9_0	nmf9.0	Tragödie
https://textgridrep.org/browse/-/browse/tgw6_0	tgw6.0	Komödie
https://textgridrep.org/browse/-/browse/x8hc_0	x8hc.0	Drama
https://textgridrep.org/browse/-/browse/s8fd_0	s8fd.0	Tragödie
https://textgridrep.org/browse/-/browse/vnj5_0	vnj5.0	Historiendrama
https://textgridrep.org/browse/-/browse/vn3v_0	vn3v.0	Historiendrama
https://textgridrep.org/browse/-/browse/vnf1_0	vnf1.0	Drama
https://textgridrep.org/browse/-/browse/vmw8_0	vmw8.0	Historiendrama
https://textgridrep.org/browse/-/browse/vn0c_0	vn0c.0	Historiendrama
https://textgridrep.org/browse/-/browse/vnh9_0	vnh9.0	Historiendrama
https://textgridrep.org/browse/-/browse/vn59_0	vn59.0	Historiendrama
https://textgridrep.org/browse/-/browse/vnjn_0	vnjn.0	Historiendrama
https://textgridrep.org/browse/-/browse/vnfz_0	vnfz.0	Tragödie
https://textgridrep.org/browse/-/browse/tg37_0	tg37.0	Oper
https://textgridrep.org/browse/-/browse/x3b4_0	x3b4.0	Schauspiel
https://textgridrep.org/browse/-/browse/vpvd_0	vpvd.0	Drama
https://textgridrep.org/browse/-/browse/nttc_0	nttc.0	Trauerspiel
https://textgridrep.org/browse/-/browse/vmw0_0	vmw0.0	Königsdrama
https://textgridrep.org/browse/-/browse/vnfd_0	vnfd.0	Tragödie
https://textgridrep.org/browse/-/browse/x480_0	x480.0	Tragikomödie
https://textgridrep.org/browse/-/browse/ssrb_0	ssrb.0	Trauerspiel
https://textgridrep.org/browse/-/browse/v3sw_0	v3sw.0	Komödie
https://textgridrep.org/browse/-/browse/w3xb_0	w3xb.0	Einakter
https://textgridrep.org/browse/-/browse/sj6r_0	sj6r.0	Dramatische Bagatelle
https://textgridrep.org/browse/-/browse/pm1c_0	pm1c.0	Trauerspiel
https://textgridrep.org/browse/-/browse/t9p7_0	t9p7.0	Lustspiel
https://textgridrep.org/browse/-/browse/t9qj_0	t9qj.0	Lustspiel
https://textgridrep.org/browse/-/browse/tv6h_0	tv6h.0	Schauspiel
https://textgridrep.org/browse/-/browse/x8fs_0	x8fs.0	Trauerspiel
https://textgridrep.org/browse/-/browse/wdfd_0	wdfd.0	Trauerspiel
https://textgridrep.org/browse/-/browse/v3s3_0	v3s3.0	Lustspiel, Einakter
https://textgridrep.org/browse/-/browse/p878_0	p878.0	Trauerspiel
https://textgridrep.org/browse/-/browse/kscn_0	kscn.0	Lustspiel
https://textgridrep.org/browse/-/browse/pj26_0	pj26.0	Trauerspiel
https://textgridrep.org/browse/-/browse/ntqj_0	ntqj.0	Trauerspiel
https://textgridrep.org/browse/-/browse/v3vb_0	v3vb.0	Schauspiel, bürgerliches Trauerspiel, Rührstück
https://textgridrep.org/browse/-/browse/vnd5_0	vnd5.0	Komödie
https://textgridrep.org/browse/-/browse/wzpz_0	wzpz.0	Romantische Oper, Oper
https://textgridrep.org/browse/-/browse/wc9q_0	wc9q.0	Lustspiel
https://textgridrep.org/browse/-/browse/t25v_0	t25v.0	bürgerliches Trauerspiel, Rührstück
https://textgridrep.org/browse/-/browse/tq2b_0	tq2b.0	Tragödie
https://textgridrep.org/browse/-/browse/wp6p_0	wp6p.0	Schauspiel
https://textgridrep.org/browse/-/browse/k1ff_0	k1ff.0	Komödie
https://textgridrep.org/browse/-/browse/vn2s_0	vn2s.0	Tragödie
https://textgridrep.org/browse/-/browse/pgpm_0	pgpm.0	Zauberlustspiel
https://textgridrep.org/browse/-/browse/wc0g_0	wc0g.0	Volksstück
https://textgridrep.org/browse/-/browse/pb4c_0	pb4c.0	Drama
https://textgridrep.org/browse/-/browse/x8cf_0	x8cf.0	Komödie
https://textgridrep.org/browse/-/browse/ktsm_0	ktsm.0	Dramatisches Gedicht
https://textgridrep.org/browse/-/browse/pkx0_0	pkx0.0	bürgerliches Trauerspiel, Trauerspiel, Rührstück
https://textgridrep.org/browse/-/browse/twt3_0	twt3.0	Trauerspiel, Weimarer Klassik
https://textgridrep.org/browse/-/browse/pj27_0	pj27.0	Trauerspiel
https://textgridrep.org/browse/-/browse/k4xx_0	k4xx.0	Dramatische Erzählung
https://textgridrep.org/browse/-/browse/tbf2_0	tbf2.0	Romantisch-komische Oper, Oper
https://textgridrep.org/browse/-/browse/x4c3_0	x4c3.0	Trauerspiel
https://textgridrep.org/browse/-/browse/vnbs_0	vnbs.0	Komödie
https://textgridrep.org/browse/-/browse/nkdm_0	nkdm.0	Drama
https://textgridrep.org/browse/-/browse/mvrr_0	mvrr.0	Tragödie
https://textgridrep.org/browse/-/browse/rfmj_0	rfmj.0	keine Angabe
https://textgridrep.org/browse/-/browse/rfbx_0	rfbx.0	Volksstück
https://textgridrep.org/browse/-/browse/v18g_0	v18g.0	Drama
https://textgridrep.org/browse/-/browse/r2mf_0	r2mf.0	Schauspiel, Rührstück
https://textgridrep.org/browse/-/browse/qkp2_0	qkp2.0	Drama
https://textgridrep.org/browse/-/browse/rjh9_0	rjh9.0	Lustspiel
https://textgridrep.org/browse/-/browse/rjmw_0	rjmw.0	Trauerspiel, bürgerliches Trauerspiel, Rührstück
https://textgridrep.org/browse/-/browse/t96r_0	t96r.0	Original-Zauberspiel
https://textgridrep.org/browse/-/browse/mhq8_0	mhq8.0	Oper
https://textgridrep.org/browse/-/browse/rfcv_0	rfcv.0	Tragödie
https://textgridrep.org/browse/-/browse/wcj0_0	wcj0.0	Komödie
https://textgridrep.org/browse/-/browse/vrcn_0	vrcn.0	Niederdeutsches Drama
https://textgridrep.org/browse/-/browse/x37n_0	x37n.0	Sittengemälde
https://textgridrep.org/browse/-/browse/pkhv_0	pkhv.0	Spiel, Schauspiel
https://textgridrep.org/browse/-/browse/nmfn_0	nmfn.0	Drama
https://textgridrep.org/browse/-/browse/kq01_0	kq01.0	Trauerspiel
https://textgridrep.org/browse/-/browse/rkpt_0	rkpt.0	Dramatsches Gedicht, Ideendrama
https://textgridrep.org/browse/-/browse/swzc_0	swzc.0	Tragödie
https://textgridrep.org/browse/-/browse/pb6v_0	pb6v.0	Dramatische Skizze
https://textgridrep.org/browse/-/browse/qkm4_0	qkm4.0	Drama, Schauspiel, keine Angabe
https://textgridrep.org/browse/-/browse/tgwk_0	tgwk.0	Passionsspiel
https://textgridrep.org/browse/-/browse/kp19_0	kp19.0	keine Angabe
https://textgridrep.org/browse/-/browse/vpvx_0	vpvx.0	Dramatische Phantasie
https://textgridrep.org/browse/-/browse/qdm9_0	qdm9.0	Tragödie
https://textgridrep.org/browse/-/browse/tbqn_0	tbqn.0	Drama
https://textgridrep.org/browse/-/browse/tvb0_0	tvb0.0	Weltkomödie, Komödie
https://textgridrep.org/browse/-/browse/scbm_0	scbm.0	Libretto, Serenata
https://textgridrep.org/browse/-/browse/vmht_0	vmht.0	Opéra comique, komische Oper, Oper
https://textgridrep.org/browse/-/browse/t4rs_0	t4rs.0	Libretto
https://textgridrep.org/browse/-/browse/sc8q_0	sc8q.0	Singspiel
https://textgridrep.org/browse/-/browse/vn7q_0	vn7q.0	Tragödie
https://textgridrep.org/browse/-/browse/rhqt_0	rhqt.0	Szenische Skizze, Sturm und Drang
https://textgridrep.org/browse/-/browse/11fg5_0	11fg5.0	Festspiel
https://textgridrep.org/browse/-/browse/p7hs_0	p7hs.0	Trauerspiel
https://textgridrep.org/browse/-/browse/wzps_0	wzps.0	Bühnenweihfestspiel
https://textgridrep.org/browse/-/browse/qkkz_0	qkkz.0	dramatisches Gedicht
https://textgridrep.org/browse/-/browse/rfd8_0	rfd8.0	Posse, Possenspiel
https://textgridrep.org/browse/-/browse/qm9d_0	qm9d.0	Posse
https://textgridrep.org/browse/-/browse/r0n2_0	r0n2.0	Lustspiel
https://textgridrep.org/browse/-/browse/mjbp_0	mjbp.0	Lustspiel
https://textgridrep.org/browse/-/browse/vn5n_0	vn5n.0	Komödie
https://textgridrep.org/browse/-/browse/tg23_0	tg23.0	Tragödie
https://textgridrep.org/browse/-/browse/pvxk_0	pvxk.0	Tragödie
https://textgridrep.org/browse/-/browse/kmdw_0	kmdw.0	Schauspiel
https://textgridrep.org/browse/-/browse/t969_0	t969.0	Tragödie
https://textgridrep.org/browse/-/browse/rjqs_0	rjqs.0	Trauerspiel
https://textgridrep.org/browse/-/browse/t4rw_0	t4rw.0	Lustspiel
https://textgridrep.org/browse/-/browse/kqwr_0	kqwr.0	Lustspiel
https://textgridrep.org/browse/-/browse/r10b_0	r10b.0	Schauspiel
https://textgridrep.org/browse/-/browse/r12n_0	r12n.0	moralisches Drama
https://textgridrep.org/browse/-/browse/wd1q_0	wd1q.0	deutsches Lustspiel
https://textgridrep.org/browse/-/browse/rdgt_0	rdgt.0	Komödie, Tragödie
https://textgridrep.org/browse/-/browse/v3tw_0	v3tw.0	Komödie
https://textgridrep.org/browse/-/browse/v0hv_0	v0hv.0	Dramatisches Gedicht
https://textgridrep.org/browse/-/browse/11dtg_0	11dtg.0	Prolog, Tragödie
https://textgridrep.org/browse/-/browse/11gx9_0	11gx9.0	Dramatisches Fragment
https://textgridrep.org/browse/-/browse/11hb5_0	11hb5.0	Monodrama
https://textgridrep.org/browse/-/browse/jnj6_0	jnj6.0	Fabel
https://textgridrep.org/browse/-/browse/v3w3_0	v3w3.0	Bühnenstück
https://textgridrep.org/browse/-/browse/p5c8_0	p5c8.0	Trauerspiel
https://textgridrep.org/browse/-/browse/wd6t_0	wd6t.0	Ammenmärchen
https://textgridrep.org/browse/-/browse/r0vx_0	r0vx.0	Trauerspiel
https://textgridrep.org/browse/-/browse/vndf_0	vndf.0	Tragödie
https://textgridrep.org/browse/-/browse/pjw6_0	pjw6.0	Offiziers-Tragödie
https://textgridrep.org/browse/-/browse/w3sp_0	w3sp.0	Drama, Einakter
https://textgridrep.org/browse/-/browse/tvgd_0	tvgd.0	Schauspiel
https://textgridrep.org/browse/-/browse/rdhd_0	rdhd.0	Drama
https://textgridrep.org/browse/-/browse/rm3n_0	rm3n.0	Trauerspiel
https://textgridrep.org/browse/-/browse/w3vm_0	w3vm.0	Drama
https://textgridrep.org/browse/-/browse/nv2j_0	nv2j.0	Trauerspiel
https://textgridrep.org/browse/-/browse/11gn9_0	11gn9.0	Farce
https://textgridrep.org/browse/-/browse/nmfg_0	nmfg.0	Lustspiel
https://textgridrep.org/browse/-/browse/pkgw_0	pkgw.0	Trauerspiel
https://textgridrep.org/browse/-/browse/k93v_0	k93v.0	Komödie
https://textgridrep.org/browse/-/browse/wzpd_0	wzpd.0	Oper
https://textgridrep.org/browse/-/browse/pn22_0	pn22.0	Trauerspiel
https://textgridrep.org/browse/-/browse/r13g_0	r13g.0	Schauspiel, Sturm und Drang
https://textgridrep.org/browse/-/browse/qfx0_0	qfx0.0	Spiel, Schauspiel
https://textgridrep.org/browse/-/browse/qhpn_0	qhpn.0	Tragödie
https://textgridrep.org/browse/-/browse/pj21_0	pj21.0	Trauerspiel
https://textgridrep.org/browse/-/browse/tvbg_0	tvbg.0	Pantomime
https://textgridrep.org/browse/-/browse/s4m2_0	s4m2.0	Trauerspiel
https://textgridrep.org/browse/-/browse/qhwd_0	qhwd.0	Komödie
https://textgridrep.org/browse/-/browse/wz12_0	wz12.0	Spiel, Schauspiel
https://textgridrep.org/browse/-/browse/sjpt_0	sjpt.0	Drama
https://textgridrep.org/browse/-/browse/qn29_0	qn29.0	Posse, Possenspiel
https://textgridrep.org/browse/-/browse/11hdv_0	11hdv.0	Schauspiel, Sturm und Drang
https://textgridrep.org/browse/-/browse/rfcn_0	rfcn.0	Tragödie
https://textgridrep.org/browse/-/browse/kjfc_0	kjfc.0	Trauerspiel
https://textgridrep.org/browse/-/browse/r12k_0	r12k.0	Schauspiel, Sturm und Drang
https://textgridrep.org/browse/-/browse/kmfh_0	kmfh.0	Bürgerspiel
https://textgridrep.org/browse/-/browse/t9ph_0	t9ph.0	Geistliches Spiel, Geistliches Drama, Liturgisches Spiel
https://textgridrep.org/browse/-/browse/wzpp_0	wzpp.0	Romantische Oper, Oper
https://textgridrep.org/browse/-/browse/k942_0	k942.0	Tragödie
https://textgridrep.org/browse/-/browse/vn1q_0	vn1q.0	Tragödie
https://textgridrep.org/browse/-/browse/vn0r_0	vn0r.0	Tragödie
https://textgridrep.org/browse/-/browse/pkhg_0	pkhg.0	Tragödie
https://textgridrep.org/browse/-/browse/x3cm_0	x3cm.0	Drama
https://textgridrep.org/browse/-/browse/11d2m_0	11d2m.0	Schauspiel, Weimarer Klassik
https://textgridrep.org/browse/-/browse/vmm5_0	vmm5.0	Tragödie
https://textgridrep.org/browse/-/browse/pmp3_0	pmp3.0	Tragikomödie
https://textgridrep.org/browse/-/browse/qmsf_0	qmsf.0	Tragische Komödie, Tragikomödie
https://textgridrep.org/browse/-/browse/qh0j_0	qh0j.0	Tragische Komödie, Tragikomödie
https://textgridrep.org/browse/-/browse/wzq9_0	wzq9.0	Musikdrama, Oper
https://textgridrep.org/browse/-/browse/vn4q_0	vn4q.0	Komödie
https://textgridrep.org/browse/-/browse/w3xk_0	w3xk.0	keine Angabe
https://textgridrep.org/browse/-/browse/kq1k_0	kq1k.0	Spiel, Schauspiel, Tugendspiel
https://textgridrep.org/browse/-/browse/ktrm_0	ktrm.0	Oper
https://textgridrep.org/browse/-/browse/pb0f_0	pb0f.0	Drama
https://textgridrep.org/browse/-/browse/kmpd_0	kmpd.0	keine Angabe
https://textgridrep.org/browse/-/browse/scbg_0	scbg.0	Singspiel
https://textgridrep.org/browse/-/browse/vmhp_0	vmhp.0	Komische Oper
https://textgridrep.org/browse/-/browse/mvrf_0	mvrf.0	Tragödie
https://textgridrep.org/browse/-/browse/nds0_0	nds0.0	Tragödie, Sturm und Drang
https://textgridrep.org/browse/-/browse/s8c4_0	s8c4.0	Fastnachtsspiel, Schimpfspiel
https://textgridrep.org/browse/-/browse/p5cg_0	p5cg.0	Trauerspiel
https://textgridrep.org/browse/-/browse/kmdt_0	kmdt.0	Lustspiel
https://textgridrep.org/browse/-/browse/qkmx_0	qkmx.0	Familiengemälde
https://textgridrep.org/browse/-/browse/p8d8_0	p8d8.0	Spiel, Schauspiel, Gesangspiel, Scherzspiel
https://textgridrep.org/browse/-/browse/vmxv_0	vmxv.0	Komödie
https://textgridrep.org/browse/-/browse/k93c_0	k93c.0	Trauerspiel
https://textgridrep.org/browse/-/browse/wznq_0	wznq.0	Drama, Einakter
https://textgridrep.org/browse/-/browse/s8cb_0	s8cb.0	Fastnachtsspiel
https://textgridrep.org/browse/-/browse/tg9f_0	tg9f.0	Spiel, Schauspiel
https://textgridrep.org/browse/-/browse/x495_0	x495.0	Drama
https://textgridrep.org/browse/-/browse/x22s_0	x22s.0	Fastnachtsspiel
https://textgridrep.org/browse/-/browse/pvqc_0	pvqc.0	Komdöie
https://textgridrep.org/browse/-/browse/pvpw_0	pvpw.0	Komödie
https://textgridrep.org/browse/-/browse/r2qz_0	r2qz.0	Geistliches Spiel, Geistliches Drama, Liturgisches Spiel
https://textgridrep.org/browse/-/browse/tp8d_0	tp8d.0	Komödie
https://textgridrep.org/browse/-/browse/tpq5_0	tpq5.0	Tragödie
https://textgridrep.org/browse/-/browse/pvq5_0	pvq5.0	Komödie
https://textgridrep.org/browse/-/browse/pvq4_0	pvq4.0	Tragödie
https://textgridrep.org/browse/-/browse/r231_0	r231.0	Tragödie
https://textgridrep.org/browse/-/browse/k93r_0	k93r.0	Komödie
https://textgridrep.org/browse/-/browse/11g5q_0	11g5q.0	Vorspiel, Tragödie
https://textgridrep.org/browse/-/browse/txtj_0	txtj.0	Dramatisches Gedicht, Weimarer Klassik
https://textgridrep.org/browse/-/browse/v0nx_0	v0nx.0	Trauerspiel, Weimarer Klassik
https://textgridrep.org/browse/-/browse/vmwh_0	vmwh.0	Komödie
https://textgridrep.org/browse/-/browse/npm2_0	npm2.0	Lustspiel
https://textgridrep.org/browse/-/browse/x4vh_0	x4vh.0	Lustspiel
https://textgridrep.org/browse/-/browse/x4vp_0	x4vp.0	Lustspiel
https://textgridrep.org/browse/-/browse/kmqb_0	kmqb.0	Tragödie
https://textgridrep.org/browse/-/browse/k940_0	k940.0	Spiel, Schauspiel
https://textgridrep.org/browse/-/browse/vn1b_0	vn1b.0	Komödie
https://textgridrep.org/browse/-/browse/tz0c_0	tz0c.0	Schauspiel, Weimarer Klassik
https://textgridrep.org/browse/-/browse/ptkw_0	ptkw.0	Tragödie
https://textgridrep.org/browse/-/browse/kscv_0	kscv.0	Soziales Drama, Dramenfragment, Tragödie
https://textgridrep.org/browse/-/browse/kw94_0	kw94.0	Drama
https://textgridrep.org/browse/-/browse/qz9g_0	qz9g.0	Spiel, Schauspiel
https://textgridrep.org/browse/-/browse/s6kn_0	s6kn.0	Komische Oper
https://textgridrep.org/browse/-/browse/p5bz_0	p5bz.0	Lustspiel
https://textgridrep.org/browse/-/browse/kmf6_0	kmf6.0	Tragödie
https://textgridrep.org/browse/-/browse/r23w_0	r23w.0	Trauerspiel
https://textgridrep.org/browse/-/browse/strp_0	strp.0	Lokalposse, Posse, Possenspiel
https://textgridrep.org/browse/-/browse/11d1w_0	11d1w.0	Tragödie
